{
  "max_": [
    9.999411,
    0.807472,
    1.644021,
    0.202917,
    0.712384,
    0.468672,
    1.644021,
    0.169548,
    0.713132,
    0.467896,
    1.553016,
    0.101368,
    0.687324,
    0.533087,
    1.554016,
    0.101,
    0.689177,
    0.533133,
    3.639918,
    0.800955,
    1.096995,
    0.175286,
    0.755547,
    0.39927,
    1.095995,
    0.155928,
    0.751488,
    0.402398,
    1.041992,
    0.093209,
    0.623516,
    0.532925,
    1.042992,
    0.093714,
    0.621958,
    0.534484
  ],
  "min_": [
    0.336999,
    0.019667,
    0.23,
    -0.125959,
    0.000167,
    0.000616,
    0.231,
    -0.125873,
    0.000165,
    0.0006,
    0.241,
    -0.128814,
    0.000179,
    0.000386,
    0.243,
    -0.13308,
    0.000182,
    0.000421,
    0.436998,
    0.016929,
    0.247,
    -0.200231,
    0.000104,
    0.000834,
    0.257,
    -0.200017,
    0.000112,
    0.000876,
    0.257,
    -0.155072,
    0.000112,
    0.000356,
    0.258,
    -0.154374,
    0.000117,
    0.000351
  ]
}